Country Name,Country Code,Population
Aruba,ABW,106314
Afghanistan,AFG,38041754
Angola,AGO,31825295
Albania,ALB,2854191
Andorra,AND,77142
United Arab Emirates,ARE,9770529
Argentina,ARG,44938712
Armenia,ARM,2957731
American Samoa,ASM,55312
Antigua and Barbuda,ATG,97118
Australia,AUS,25364307
Austria,AUT,8877067
Azerbaijan,AZE,10023318
Burundi,BDI,11530580
Belgium,BEL,11484055
Benin,BEN,11801151
Burkina Faso,BFA,20321378
Bangladesh,BGD,163046161
Bulgaria,BGR,6975761
Bahrain,BHR,1641172
Bahamas,BHS,389482
Bosnia and Herzegovina,BIH,3301000
Belarus,BLR,9466856
Belize,BLZ,390353
Bermuda,BMU,63918
Bolivia,BOL,11513100
Brazil,BRA,211049527
Barbados,BRB,287025
Brunei Darussalam,BRN,433285
Bhutan,BTN,763092
Botswana,BWA,2303697
Central African Rep.,CAF,4745185
Canada,CAN,37589262
Switzerland,CHE,8574832
Channel Islands,CHI,172259
Chile,CHL,18952038
China,CHN,1397715000
Cote d'Ivoire,CIV,25716544
Cameroon,CMR,25876380
Dem. Rep. Congo,COD,86790567
Congo,COG,5380508
Colombia,COL,50339443
Comoros,COM,850886
Cabo Verde,CPV,549935
Costa Rica,CRI,5047561
Cuba,CUB,11333483
Curacao,CUW,157538
Cayman Islands,CYM,64948
Cyprus,CYP,1198575
Czech Republic,CZE,10669709
Germany,DEU,83132799
Djibouti,DJI,973560
Dominica,DMA,71808
Denmark,DNK,5818553
Dominican Republic,DOM,10738958
Algeria,DZA,43053054
Ecuador,ECU,17373662
Egypt,EGY,100388073
Eritrea,ERI,"3,561,902"
Spain,ESP,47076781
Estonia,EST,1326590
Ethiopia,ETH,112078730
European Union,EUU,447512041
Finland,FIN,5520314
Fiji,FJI,889953
France,FRA,67059887
Faroe Islands,FRO,48678
Federated States of Micronesia,FSM,113815
Gabon,GAB,2172579
United Kingdom,GBR,66834405
Georgia,GEO,3720382
Ghana,GHA,30417856
Gibraltar,GIB,33701
Guinea,GIN,12771246
Gambia,GMB,2347706
Guinea-Bissau,GNB,1920922
Eq. Guinea,GNQ,1355986
Greece,GRC,10716322
Grenada,GRD,112003
Greenland,GRL,56225
Guatemala,GTM,16604026
Guam,GUM,167294
Guyana,GUY,782766
Hong Kong ,HKG,7507400
Honduras,HND,9746117
Croatia,HRV,4067500
Haiti,HTI,11263077
Hungary,HUN,9769949
Indonesia,IDN,270625568
Isle of Man,IMN,84584
India,IND,1366417754
Ireland,IRL,4941444
Iran,IRN,82913906
Iraq,IRQ,39309783
Iceland,ISL,361313
Israel,ISR,9053300
Italy,ITA,60297396
Jamaica,JAM,2948279
Jordan,JOR,10101694
Japan,JPN,126264931
Kazakhstan,KAZ,18513930
Kenya,KEN,52573973
Kyrgyz Republic,KGZ,6456900
Cambodia,KHM,16486542
Kiribati,KIR,117606
St. Kitts and Nevis,KNA,52823
South Korea,KOR,51709098
Kuwait,KWT,4207083
Laos,LAO,7169455
Lebanon,LBN,6855713
Liberia,LBR,4937374
Libya,LBY,6777452
St. Lucia,LCA,182790
Liechtenstein,LIE,38019
Sri Lanka,LKA,21803000
Lesotho,LSO,2125268
Lithuania,LTU,2786844
Luxembourg,LUX,619896
Latvia,LVA,1912789
Macao ,MAC,640445
St. Martin (French part),MAF,38002
Morocco,MAR,36471769
Monaco,MCO,38964
Moldova,MDA,2657637
Madagascar,MDG,26969307
Maldives,MDV,530953
Mexico,MEX,127575529
Marshall Islands,MHL,58791
North Macedonia,MKD,2083459
Mali,MLI,19658031
Malta,MLT,502653
Myanmar,MMR,54045420
Montenegro,MNE,622137
Mongolia,MNG,3225167
Northern Mariana Islands,MNP,57216
Mozambique,MOZ,30366036
Mauritania,MRT,4525696
Mauritius,MUS,1265711
Malawi,MWI,18628747
Malaysia,MYS,31949777
Namibia,NAM,2494530
New Caledonia,NCL,287800
Niger,NER,23310715
Nigeria,NGA,200963599
Nicaragua,NIC,6545502
Netherlands,NLD,17332850
Norway,NOR,5347896
Nepal,NPL,28608710
Nauru,NRU,12581
New Zealand,NZL,4917000
Oman,OMN,4974986
Pakistan,PAK,216565318
Panama,PAN,4246439
Peru,PER,32510453
Philippines,PHL,108116615
Palau,PLW,18008
Papua New Guinea,PNG,8776109
Poland,POL,37970874
Puerto Rico,PRI,3193694
North Korea,PRK,25666161
Portugal,PRT,10269417
Paraguay,PRY,7044636
West Bank and Gaza,PSE,4685306
Qatar,QAT,2832067
Romania,ROU,19356544
Russia,RUS,144373535
Rwanda,RWA,12626950
Saudi Arabia,SAU,34268528
Sudan,SDN,42813238
Senegal,SEN,16296364
Singapore,SGP,5703569
Solomon Islands,SLB,669823
Sierra Leone,SLE,7813215
El Salvador,SLV,6453553
San Marino,SMR,33860
Somalia,SOM,15442905
Serbia,SRB,6944975
S. Sudan,SSD,11062113
Sao Tome and Principe,STP,215056
Suriname,SUR,581372
Slovak Republic,SVK,5454073
Slovenia,SVN,2087946
Sweden,SWE,10285453
Eswatini,SWZ,1148130
Sint Maarten (Dutch part),SXM,40733
Seychelles,SYC,97625
Syria,SYR,17070135
Turks and Caicos Islands,TCA,38191
Chad,TCD,15946876
Togo,TGO,8082366
Thailand,THA,69625582
Tajikistan,TJK,9321018
Turkmenistan,TKM,5942089
Timor-Leste,TLS,1293119
Tonga,TON,104494
Trinidad and Tobago,TTO,1394973
Tunisia,TUN,11694719
Turkey,TUR,83429615
Tuvalu,TUV,11646
Tanzania,TZA,58005463
Uganda,UGA,44269594
Ukraine,UKR,44385155
Uruguay,URY,3461734
United States of America,USA,328239523
Uzbekistan,UZB,33580650
St. Vincent and the Grenadines,VCT,110589
Venezuela,VEN,28515829
British Virgin Islands,VGB,30030
Virgin Islands (U.S.),VIR,106631
Vietnam,VNM,96462106
Vanuatu,VUT,299882
Samoa,WSM,197097
Kosovo,XKX,1794248
Yemen,YEM,29161922
South Africa,ZAF,58558270
Zambia,ZMB,17861030
Zimbabwe,ZWE,14645468
